layer_id,layer_name,fg_year_from_name,geometry_type,feature_count,tarikh_field_type,fg_dated_count,fg_undated_count,fg_distinct_dates,fg_min_date,fg_max_date,source_url,retrieved_at
0,Lokasi Banjir Tahun 1991,1991,esriGeometryPoint,40,,,,,,,https://pegis.penang.gov.my/arcgis/rest/services/Hosted/Sejarah_Banjir/FeatureServer/0,2026-09-24T12:33:01+08:00
1,Kawasan Banjir Tahun 1991,1991,esriGeometryPolygon,38,,,,,,,https://pegis.penang.gov.my/arcgis/rest/services/Hosted/Sejarah_Banjir/FeatureServer/1,2026-09-24T12:33:01+08:00
2,Lokasi Banjir Tahun 1995,1995,esriGeometryPoint,128,,,,,,,https://pegis.penang.gov.my/arcgis/rest/services/Hosted/Sejarah_Banjir/FeatureServer/2,2026-09-24T12:33:01+08:00
3,Kawasan Banjir Tahun 1995,1995,esriGeometryPolygon,67,,,,,,,https://pegis.penang.gov.my/arcgis/rest/services/Hosted/Sejarah_Banjir/FeatureServer/3,2026-09-24T12:33:01+08:00
4,Lokasi Banjir Tahun 1998,1998,esriGeometryPoint,57,,,,,,,https://pegis.penang.gov.my/arcgis/rest/services/Hosted/Sejarah_Banjir/FeatureServer/4,2026-09-24T12:33:01+08:00
5,Kawasan Banjir Tahun 1998,1998,esriGeometryPolygon,55,,,,,,,https://pegis.penang.gov.my/arcgis/rest/services/Hosted/Sejarah_Banjir/FeatureServer/5,2026-09-24T12:33:01+08:00
6,Lokasi Banjir Tahun 1999,1999,esriGeometryPoint,245,,,,,,,https://pegis.penang.gov.my/arcgis/rest/services/Hosted/Sejarah_Banjir/FeatureServer/6,2026-09-24T12:33:01+08:00
7,Kawasan Banjr Tahun 1999,1999,esriGeometryPolygon,80,String,28,52,5,,,https://pegis.penang.gov.my/arcgis/rest/services/Hosted/Sejarah_Banjir/FeatureServer/7,2026-09-24T12:33:01+08:00
8,Lokasi Banjir Tahun 2000,2000,esriGeometryPoint,134,,,,,,,https://pegis.penang.gov.my/arcgis/rest/services/Hosted/Sejarah_Banjir/FeatureServer/8,2026-09-24T12:33:01+08:00
9,Kawasan Banjir Tahun 2000,2000,esriGeometryPolygon,47,,,,,,,https://pegis.penang.gov.my/arcgis/rest/services/Hosted/Sejarah_Banjir/FeatureServer/9,2026-09-24T12:33:01+08:00
10,Lokasi Banjir Tahun 2006,2006,esriGeometryPoint,24,,,,,,,https://pegis.penang.gov.my/arcgis/rest/services/Hosted/Sejarah_Banjir/FeatureServer/10,2026-09-24T12:33:01+08:00
11,Kawasan Banjir Tahun 2006,2006,esriGeometryPolygon,10,,,,,,,https://pegis.penang.gov.my/arcgis/rest/services/Hosted/Sejarah_Banjir/FeatureServer/11,2026-09-24T12:33:01+08:00
12,Lokasi Banjir Tahun 2007,2007,esriGeometryPoint,20,,,,,,,https://pegis.penang.gov.my/arcgis/rest/services/Hosted/Sejarah_Banjir/FeatureServer/12,2026-09-24T12:33:01+08:00
13,Kawasan Banjir Tahun 2007,2007,esriGeometryPolygon,12,,,,,,,https://pegis.penang.gov.my/arcgis/rest/services/Hosted/Sejarah_Banjir/FeatureServer/13,2026-09-24T12:33:01+08:00
14,Lokasi Banjir Tahun 2009,2009,esriGeometryPoint,31,,,,,,,https://pegis.penang.gov.my/arcgis/rest/services/Hosted/Sejarah_Banjir/FeatureServer/14,2026-09-24T12:33:01+08:00
15,Kawasan Banjir Tahun 2009,2009,esriGeometryPolygon,23,,,,,,,https://pegis.penang.gov.my/arcgis/rest/services/Hosted/Sejarah_Banjir/FeatureServer/15,2026-09-24T12:33:01+08:00
16,Lokasi Banjir Tahun 2011,2011,esriGeometryPoint,105,Date,105,0,18,2011-01-03,2011-10-20,https://pegis.penang.gov.my/arcgis/rest/services/Hosted/Sejarah_Banjir/FeatureServer/16,2026-09-24T12:33:01+08:00
17,Kawasan Banjir Tahun 2011,2011,esriGeometryPolygon,62,Date,62,0,19,2011-01-03,2011-11-23,https://pegis.penang.gov.my/arcgis/rest/services/Hosted/Sejarah_Banjir/FeatureServer/17,2026-09-24T12:33:01+08:00
18,Lokasi Banjir Tahun 2012,2012,esriGeometryPoint,36,Date,36,0,12,2011-06-05,2012-12-21,https://pegis.penang.gov.my/arcgis/rest/services/Hosted/Sejarah_Banjir/FeatureServer/18,2026-09-24T12:33:01+08:00
19,Kawasan Banjir Tahun 2012,2012,esriGeometryPolygon,29,Date,29,0,11,2012-05-01,2012-12-21,https://pegis.penang.gov.my/arcgis/rest/services/Hosted/Sejarah_Banjir/FeatureServer/19,2026-09-24T12:33:01+08:00
20,Lokasi Banjir Tahun 2013,2013,esriGeometryPoint,172,Date,172,0,19,2013-01-25,2013-11-28,https://pegis.penang.gov.my/arcgis/rest/services/Hosted/Sejarah_Banjir/FeatureServer/20,2026-09-24T12:33:01+08:00
21,Kawasan Banjir Tahun 2013,2013,esriGeometryPolygon,152,Date,152,0,19,2013-01-25,2013-11-28,https://pegis.penang.gov.my/arcgis/rest/services/Hosted/Sejarah_Banjir/FeatureServer/21,2026-09-24T12:33:01+08:00
22,Lokasi Banjir Tahun 2014,2014,esriGeometryPoint,105,Date,105,0,17,2014-01-03,2014-12-08,https://pegis.penang.gov.my/arcgis/rest/services/Hosted/Sejarah_Banjir/FeatureServer/22,2026-09-24T12:33:01+08:00
23,Kawasan Banjir Tahun 2014,2014,esriGeometryPolygon,83,Date,83,0,17,2014-01-03,2014-12-08,https://pegis.penang.gov.my/arcgis/rest/services/Hosted/Sejarah_Banjir/FeatureServer/23,2026-09-24T12:33:01+08:00
24,Lokasi Banjir Tahun 2015,2015,esriGeometryPoint,93,Date,93,0,16,2015-04-11,2015-12-14,https://pegis.penang.gov.my/arcgis/rest/services/Hosted/Sejarah_Banjir/FeatureServer/24,2026-09-24T12:33:01+08:00
25,Kawasan Banjir Tahun 2015,2015,esriGeometryPolygon,32,Date,32,0,16,2015-04-11,2015-12-14,https://pegis.penang.gov.my/arcgis/rest/services/Hosted/Sejarah_Banjir/FeatureServer/25,2026-09-24T12:33:01+08:00
26,Lokasi Banjir Tahun 2017,2017,esriGeometryPoint,342,Date,342,0,2,2017-09-15,2017-11-05,https://pegis.penang.gov.my/arcgis/rest/services/Hosted/Sejarah_Banjir/FeatureServer/26,2026-09-24T12:33:01+08:00
