retrieved_at_utc	http_status	bytes	sha256_body	url	final_url	notice_kind	short_quote
2026-09-24T06:45:01Z	200	93562	0a0dc22839b63aac8b26215325d70195b6dd266bc00ff283ace00b8982915a4a	https://publicinfobanjir.water.gov.my/	https://publicinfobanjir.water.gov.my/	site home; no legal links in page body	
2026-09-24T06:45:05Z	200	67	9311bab30d8b5d05f5fa5563a251b8c96b8470873bb77c62d3d17c146d7acab7	https://publicinfobanjir.water.gov.my/robots.txt	https://publicinfobanjir.water.gov.my/robots.txt	robots.txt (not a permission)	Disallow: /wp-admin/
2026-09-24T06:45:08Z	200	137074	519256a96b3a7365877abca7c7355ccdfb0f320562d8aca34f2f84a3c24ffde8	https://www.water.gov.my/	https://www.water.gov.my/	JPS main portal home; footer links to legal pages	
2026-09-24T06:45:46Z	200	80673	f1b1545bfa886a9ae565793822d53af685d05d9c643d239eacc72a4716dd71c4	https://publicinfobanjir.water.gov.my/hujan/data-hujan/?state=PNG&type=NEGERI	https://publicinfobanjir.water.gov.my/hujan/data-hujan/?state=PNG&type=NEGERI	website footer copyright line	Copyright © 2017, Department of Irrigation and Drainage Malaysia. All Rights Reserved.
2026-09-24T06:45:49Z	200	249531	c406fd6a0e3a402dd89dc23ab628bc43be99b4a4924911d7ec84679abed88c92	https://publicinfobanjir.water.gov.my/main/	https://publicinfobanjir.water.gov.my/main/	website footer copyright line; map page	
2026-09-24T06:45:53Z	200	17311	0161c5abdbd83465bd36b7f36f116b81056a15d609576c577e14af2e0022449e	https://www.water.gov.my/index.php/pages/view/342	https://www.water.gov.my/index.php/pages/view/342	website copyright notice (JPS portal, EN)	without the express prior written consent of JPS
2026-09-24T06:45:57Z	200	17353	52716d263f0b1850dafc08e69fbe620204b011b187c6300eb39fdf458c134a10	https://www.water.gov.my/index.php/pages/view/338	https://www.water.gov.my/index.php/pages/view/338	website disclaimer (JPS portal, EN)	JPS shall not be liable for any loss or damage
2026-09-24T06:46:00Z	200	18685	5a1e65d3f15b554b244d4818aa390125ef0e79c32399f6ce0853f4fbcb70348b	https://www.water.gov.my/index.php/pages/view/340	https://www.water.gov.my/index.php/pages/view/340	privacy statement (JPS portal)	
2026-09-24T06:46:03Z	200	17069	194f05133ef11af7d358f007065c361d0af5fe0aa581257fc863dadeca5ce912	https://www.water.gov.my/index.php/pages/view/336	https://www.water.gov.my/index.php/pages/view/336	security policy (JPS portal)	
2026-09-24T06:46:06Z	200	115188	b86b19c3ad9176ce7da1ba2ca4da222ad47dc5271669e7ab084edc275f31c3e4	https://www.water.gov.my/index.php/pages/view/1556	https://www.water.gov.my/index.php/pages/view/1556	contact form (JPS portal)	
2026-09-24T06:46:30Z	200	63245	4b29c0e2148cf05047532ea6e0a0ae8b11adea86154221efd1aa3efde859c0e4	https://publicinfobanjir.water.gov.my/penafian/	https://publicinfobanjir.water.gov.my/penafian/	website disclaimer (Public Infobanjir, BM)	tidak bertanggung jawab bagi apa-apa kehilangan dan kerugian
2026-09-24T06:46:33Z	200	64303	307ecd044078c13c24b957b65c6c088012e5f127381f141ee32e3eedbd6f2dc3	https://publicinfobanjir.water.gov.my/notis-privasi/	https://publicinfobanjir.water.gov.my/notis-privasi/	privacy notice (Public Infobanjir)	
2026-09-24T06:46:37Z	200	68450	5e73303a834325bcc55393ed0dafdc5fab7ae03a5bcab0c1823adf75360a672c	https://publicinfobanjir.water.gov.my/dasar-keselamatan/	https://publicinfobanjir.water.gov.my/dasar-keselamatan/	app privacy/security policy (Public Infobanjir)	
2026-09-24T06:46:40Z	200	68668	047c340123d21cac98a325941bd9479a874210e00df0bb529168c03ee4239510	https://publicinfobanjir.water.gov.my/soalan-lazim/	https://publicinfobanjir.water.gov.my/soalan-lazim/	FAQ: hydrological data requests via JPS Water Resources and Hydrology Division	
2026-09-24T06:46:43Z	200	66927	29eb4a9c47ff5e4bfcb6965460b81e95d9b0362b0c217d68185a7127181608ab	https://publicinfobanjir.water.gov.my/mengenai-kami/hubungi-kami/	https://publicinfobanjir.water.gov.my/mengenai-kami/hubungi-kami/	contact list of state hydrology offices	
2026-09-24T06:46:47Z	200	102784	3209b7b56ea78c06cb0af7746c3ddfd7d84684026bb184dbcce15fd82b59540e	https://publicinfobanjir.water.gov.my/perkhidmatan/perkongsian-maklumat/	https://publicinfobanjir.water.gov.my/perkhidmatan/perkongsian-maklumat/	terms and conditions incl. copyright notice (Public Infobanjir, BM)	tanpa izin bertulis secara nyata terlebih dahulu dari JPS
2026-09-24T06:46:50Z	200	71546	e8214389c4ba9198fe9e0dd8bfe7c35f0693d5ae51ea98e116926c0fb98e3f31	https://publicinfobanjir.water.gov.my/mengenai-kami/public-infobanjir/	https://publicinfobanjir.water.gov.my/mengenai-kami/public-infobanjir/	about page	
2026-09-24T06:46:54Z	200	63491	582784dcda668873d53c65e3f662aec9c5e82400bde72bb87fe1b40d51468524	https://publicinfobanjir.water.gov.my/penafian/?lang=en	https://publicinfobanjir.water.gov.my/penafian/?lang=en	website disclaimer (Public Infobanjir, EN)	shall not be liable for any loss or damage
2026-09-24T06:47:47Z	200	124610	75f9fe98e10fb19f60403650cc9cc00c68d7fa339b4f35c21ae70ae21a504bd2	https://www.water.gov.my/index.php/pages/view/871	https://www.water.gov.my/index.php/pages/view/871	FAQ: rainfall/river-flow data from JPS Hydrology Division	
2026-09-24T06:47:51Z	200	130567	968fd5eff436ec4877e258fe97eb5149c135737eb03e807b9a0bd37d0ba44371	https://www.water.gov.my/index.php/pages/view/660?mid=336	https://www.water.gov.my/index.php/pages/view/660?mid=336	hydrology publications page	
2026-09-24T06:48:05Z	200	129867	374baed0151121dac72ee60c8df90106913db4f80a52e4e032171049c5c111aa	https://infobanjirjps.penang.gov.my/	https://infobanjirjps.penang.gov.my/	Penang JPS SPHTN home; no terms or copyright text found	
2026-09-24T06:48:08Z	404	18889	cdae080816b1f87f8fbbcd06e3a3b7cb864de033c46e57d73eb1108b8d109dc6	https://infobanjirjps.penang.gov.my/robots.txt	https://infobanjirjps.penang.gov.my/robots.txt	robots.txt absent (404)	
2026-09-24T06:48:12Z	200	158	d176a9c063868ec39f7c970d943a2c09d596b744d34bdb9eba4cec709058a2a7	https://maps.water.gov.my/arcgis/rest/services?f=json	https://maps.water.gov.my/arcgis/rest/services?f=json	ArcGIS services directory (no terms)	
2026-09-24T06:48:15Z	200	703	557b5e9015b4963a130c7039e077b3ec0306d401b6ee13d631721d5d969d2917	https://maps.water.gov.my/	https://maps.water.gov.my/	IIS default page (no terms)	
2026-09-24T06:48:18Z	404	1245	dc1d54dab6ec8c00f70137927504e4f222c8395f10760b6beecfcfa94e08249f	https://pegis.penang.gov.my/portal/sharing/rest/portals/self?f=json	https://pegis.penang.gov.my/portal/sharing/rest/portals/self?f=json	wrong portal path (404)	
2026-09-24T06:48:21Z	404	1245	dc1d54dab6ec8c00f70137927504e4f222c8395f10760b6beecfcfa94e08249f	https://pegis.penang.gov.my/robots.txt	https://pegis.penang.gov.my/robots.txt	robots.txt absent (404)	
2026-09-24T06:48:25Z	200	22414	4d8c9168540aa4453ff443e051d7f5ed989d2ac59e0026be2a14b47bae68431a	https://pegis.penang.gov.my/	https://pegis.penang.gov.my/	GeoHub landing page; no licence or terms text	
2026-09-24T06:48:55Z	200	14207	7f657b1acdb5fe84948dc9bbc76385a154fde1ee7f98a1ea027b092e0a5ebc0a	https://pegis.penang.gov.my/geoportal/sharing/rest/portals/self?f=json	https://pegis.penang.gov.my/geoportal/sharing/rest/portals/self?f=json	portal-wide settings: no licenseInfo/termsOfUse keys; open-data group configured	
2026-09-24T06:48:58Z	200	1316	7d3ebf24a78ec6f181b96ad56928a44b0418be4db19afe23048b6ebfe4a4ce08	https://pegis.penang.gov.my/geoportal/sharing/rest/content/items/5ae1e704f8644bd4bedec12b2a6093b6?f=json	https://pegis.penang.gov.my/geoportal/sharing/rest/content/items/5ae1e704f8644bd4bedec12b2a6093b6?f=json	item metadata: licenseInfo and accessInformation empty	
2026-09-24T06:49:02Z	200	1342	cc3e72c986613c1b3fcf8254bd0b2e3e50f573f7a415477ac8fb7ca2a52269bc	https://pegis.penang.gov.my/geoportal/sharing/rest/content/items/724c7a791bb048bb9d55a16d11890eed?f=json	https://pegis.penang.gov.my/geoportal/sharing/rest/content/items/724c7a791bb048bb9d55a16d11890eed?f=json	item metadata: licenseInfo and accessInformation empty	
2026-09-24T06:49:05Z	200	1343	8eb0fb5d65e9dbeb0e2ad63f3c798023abe7943e4c9e243c006ba9b7ec7053a6	https://pegis.penang.gov.my/geoportal/sharing/rest/content/items/f6cb4f3a21af4c3285407e08a5e90246?f=json	https://pegis.penang.gov.my/geoportal/sharing/rest/content/items/f6cb4f3a21af4c3285407e08a5e90246?f=json	item metadata: licenseInfo and accessInformation empty	
2026-09-24T06:49:08Z	200	1404	cf12287dd31e64f643fc82faad492a23639199a46c8a7c7b74f085c20fe0556e	https://pegis.penang.gov.my/geoportal/sharing/rest/content/items/8cc92845dfd549cabff89cb735a687ce?f=json	https://pegis.penang.gov.my/geoportal/sharing/rest/content/items/8cc92845dfd549cabff89cb735a687ce?f=json	item metadata: licenseInfo and accessInformation empty	
2026-09-24T06:49:11Z	200	1352	ded761d30cfc337882070343639af159e0cf95eff2364347064d6c15fc387c64	https://pegis.penang.gov.my/geoportal/sharing/rest/content/items/4077b9e22db64a1e970095ae367201ba?f=json	https://pegis.penang.gov.my/geoportal/sharing/rest/content/items/4077b9e22db64a1e970095ae367201ba?f=json	item metadata: licenseInfo and accessInformation empty	
2026-09-24T06:49:14Z	200	1299	e475fe0d7bcfc5b87730ba520053f5b91193e4f6e5100e0d4f108b5513fb5718	https://pegis.penang.gov.my/geoportal/sharing/rest/content/items/168e7cc09dc54a24b6b268bf7dc55f28?f=json	https://pegis.penang.gov.my/geoportal/sharing/rest/content/items/168e7cc09dc54a24b6b268bf7dc55f28?f=json	item metadata: licenseInfo and accessInformation empty	
2026-09-24T06:49:18Z	200	15324	7babd7db1d1c97098ea232f4985e7c001e3fb1c463ca0be3e05a6e9b6d73d45f	https://pegis.penang.gov.my/geoportal/sharing/rest/content/items/2fbcf3187d0e4bc3a4296beb99e88731?f=json	https://pegis.penang.gov.my/geoportal/sharing/rest/content/items/2fbcf3187d0e4bc3a4296beb99e88731?f=json	web app item: licenseInfo holds app feature text, not a licence	
2026-09-24T06:49:51Z	200	35	eb1c3f030497a10c340a13470ad2bd061a5ef296260bb3d87b46fca0fef45a6a	https://pegis.penang.gov.my/geoportal/sharing/rest/content/items/5ae1e704f8644bd4bedec12b2a6093b6/groups?f=json	https://pegis.penang.gov.my/geoportal/sharing/rest/content/items/5ae1e704f8644bd4bedec12b2a6093b6/groups?f=json	item groups: none visible anonymously (not in open-data group)	
2026-09-24T06:49:54Z	200	35	eb1c3f030497a10c340a13470ad2bd061a5ef296260bb3d87b46fca0fef45a6a	https://pegis.penang.gov.my/geoportal/sharing/rest/content/items/724c7a791bb048bb9d55a16d11890eed/groups?f=json	https://pegis.penang.gov.my/geoportal/sharing/rest/content/items/724c7a791bb048bb9d55a16d11890eed/groups?f=json	item groups: none visible anonymously (not in open-data group)	
2026-09-24T06:49:57Z	200	151	9c0f313cfa3d399abb1dedb14f7d50ed9bc32c4bcdc87cd616e5de988e787542	https://pegis.penang.gov.my/geoportal/sharing/rest/community/groups/3e2cc7e6f17045fea002a4be5941f13d?f=json	https://pegis.penang.gov.my/geoportal/sharing/rest/community/groups/3e2cc7e6f17045fea002a4be5941f13d?f=json	open-data group: body error 403 (not public)	
2026-09-24T06:50:11Z	200	5391	651acf8cc7a83b2f709478a04973881e61850a8a55bee8864774f1688d552640	https://api.github.com/repos/dosm-malaysia/data-open	https://api.github.com/repos/dosm-malaysia/data-open	repo metadata; license=other	
2026-09-24T06:50:15Z	200	5743	86fe8bed2e3b2bfc49d1b86910a0aeb889a95005074ec82b69a92d45934f61f1	https://api.github.com/repos/dosm-malaysia/data-open/license	https://api.github.com/repos/dosm-malaysia/data-open/license	dataset licence: DOSM Open Data License (LICENSE.md)	adapt and exploit the data commercially and non-commercially
2026-09-24T06:50:18Z	200	2936	c5b9e27583f5dd628e4f5e15687646180eef553534a17b828affadc794947bac	https://api.github.com/repos/dosm-malaysia/data-open/contents/	https://api.github.com/repos/dosm-malaysia/data-open/contents/	repo root listing	
2026-09-24T06:50:21Z	200	2416	ad27b2e695b3f843415e323dd84668fe0d45859fba4483b4bd69f6d2f498e2fc	https://api.github.com/repos/data-gov-my/datagovmy-meta/license	https://api.github.com/repos/data-gov-my/datagovmy-meta/license	repository licence: MIT	
2026-09-24T06:50:25Z	200	5514	20713364c6622dcd33a52fb1163a237ad4f4f7d5f67676362b517b2dfdb3808d	https://api.github.com/repos/data-gov-my/datagovmy-meta	https://api.github.com/repos/data-gov-my/datagovmy-meta	repo metadata; license=MIT	
2026-09-24T06:50:47Z	401	120	b7dbd173f33b19650f61b1c528737e2037cf768d90076fdfce5d32541765e29e	https://api.github.com/search/code?q=administrative_2_district+repo:dosm-malaysia/data-open	https://api.github.com/search/code?q=administrative_2_district+repo:dosm-malaysia/data-open	code search needs auth (401); not used	
2026-09-24T06:50:50Z	200	2909	56580bb6276bc9e62c5ab1be6ac853f1bcdca39fdc04255a0a7d2751bcd23da5	https://api.github.com/repos/dosm-malaysia/data-open/contents/datasets	https://api.github.com/repos/dosm-malaysia/data-open/contents/datasets	datasets listing	
2026-09-24T06:51:15Z	200	819	373342c603ad547234bc0aee0fdb4407c6e9d2588acaeb4ab850f34f7e9065b3	https://api.github.com/repos/dosm-malaysia/data-open/readme	https://api.github.com/repos/dosm-malaysia/data-open/readme	README (title only; no licence text)	
2026-09-24T06:51:38Z	200	49315	b0c0a684c7cd8e5fc441c9846db1d0bdf5f433432d48e96e995a1cb57d78f942	https://developer.data.gov.my/faq	https://developer.data.gov.my/faq	API/platform licence statement (developer portal FAQ)	Creative Commons Attribution 4.0 International License (CC BY 4.0)
2026-09-24T06:51:42Z	200	129159	cde3c4fe2cb43fc7d7fbabafc960a0b710546c596e341ce3cea6034012b66413	https://developer.data.gov.my/realtime-api/weather	https://developer.data.gov.my/realtime-api/weather	Weather API docs: provenance	The data is provided by MET Malaysia
2026-09-24T06:51:45Z	200	140465	e28b963eff733d225ae5e4476eb80335508369b5c6a323d4909f12e378347ea9	https://data.gov.my/	https://data.gov.my/	portal home; footer 'Guiding Principles' PDF link; no terms page	
2026-09-24T06:51:48Z	200	89152	7a331eba5edf70c53f49373a23ba9e2b0e4039403189248d6d5530a0c7b2eadd	https://data.gov.my/data-catalogue/air_pollution	https://data.gov.my/data-catalogue/air_pollution	dataset licence on catalogue page	made open under the Creative Commons Attribution 4.0 International License
2026-09-24T06:51:51Z	200	61903	0a6e5ac6f5e30dfaa9350708fee9eaf2b344bc3891762f530c3f01a410c24312	https://archive.data.gov.my/data/en_US/dataset/senarai-kawasan-banjir-pulau-pinang	https://archive.data.gov.my/data/en_US/dataset/senarai-kawasan-banjir-pulau-pinang	dataset licence on CKAN catalogue page (license_id cc-by, no version)	License Creative Commons Attribution
2026-09-24T06:51:55Z	200	144535	204f3864520b0c7fc96238ab790cd6e3d5e74344a254ce28a3f86fad93a89369	https://data.gov.my/dashboard/weather-and-climate	https://data.gov.my/dashboard/weather-and-climate	dashboard; no licence text on page	
2026-09-24T06:52:30Z	200	47365	e861195af44ae3884b859b6090fa97ec23ec24ec29b2c8ac58f74c365a1002b5	https://developer.data.gov.my/rate-limit	https://developer.data.gov.my/rate-limit	API rate limits	Weather 4 requests per minute
2026-09-24T06:53:02Z	200	166948	b213b2502858be5bd97d92aa3ecf3290932baeed58e05c9cf4526a9d82c38526	https://www.met.gov.my/	https://www.met.gov.my/	METMalaysia home; footer legal links	
2026-09-24T06:53:05Z	200	150046	61c698c39f2f496997212112710f7fdb4b6d5224126589e9cf31fb6aaf3205a8	https://www.met.gov.my/info/data-terbuka	https://www.met.gov.my/info/data-terbuka/	open data statement (METMalaysia)	boleh dikongsi dan digunakan semula ... untuk sebarang tujuan
2026-09-24T06:53:15Z	200	144107	d39e44b1e0a5d17a42532a771e4092946d1fbe1868402720594253865019a979	https://www.met.gov.my/info/kenyataan-hak-cipta	https://www.met.gov.my/info/kenyataan-hak-cipta/	website copyright notice (METMalaysia, BM)	tanpa persetujuan bertulis terlebih dahulu daripada Jabatan Meteorologi Malaysia
2026-09-24T06:53:19Z	200	143881	8e391b0b905d3bd7e1f052e4cced202ed7ebfff25bcba35eeda1bc738116c378	https://www.met.gov.my/info/dasar-penafian	https://www.met.gov.my/info/dasar-penafian/	website disclaimer (METMalaysia, BM)	tidak akan bertanggungjawab terhadap sebarang kerugian atau kerosakan
2026-09-24T06:53:22Z	200	166372	a4e1c50c47b3f3e96aba5a61c3759b86889bee7662bd6018f853963b179b5031	https://www.met.gov.my/info/soalan-lazim	https://www.met.gov.my/info/soalan-lazim/	FAQ: data requests via myMETdata, fees per Fee Order	
2026-09-24T06:53:26Z	200	17456	936e10f1af9845112dd19cd342ebcc7ff983899eb4548b9f6c5e59faf09c4265	https://api.met.gov.my/	https://api.met.gov.my/	API landing: registration, limits, disclaimer	1,000 requests a day with a burstable limit of 3 requests per minute
2026-09-24T06:53:30Z	200	31340	b220f5c38b6be9a3695f2353580b7c89d09c0a2e80dc285ca51b22d57736f78e	https://mymetdata.met.gov.my/	https://mymetdata.met.gov.my/	myMETdata home: fee order, pricing, login	
2026-09-24T06:53:36Z	200	155520	a58c2a6fc597980db3034a39af4658c97f9c4dee1c8b460c6b8ef5ef5b390e93	https://www.met.gov.my/hubungi-kami/alamat-pejabat	https://www.met.gov.my/hubungi-kami/alamat-pejabat/	METMalaysia contacts incl. data purchase office	
2026-09-24T06:55:00Z	200	23921	b1ea636cb3415c795c53eb63cfe7dfd5ea631f70b2a7950a4e563875074013f8	https://mymetdata.met.gov.my/guideline	https://mymetdata.met.gov.my/guideline	myMETdata procedure headings only	
2026-09-24T06:55:04Z	200	22853	62ef162d9a2b1e60213c14afbd74c2a2bb9a9319c3275017a9f2f9ee3aebbe09	https://mymetdata.met.gov.my/copyright	https://mymetdata.met.gov.my/copyright	website copyright notice (myMETdata, same as met.gov.my)	
2026-09-24T06:55:40Z	200	51283	0ce43147735fb339e169ee1bde57881f8b3188f38d7f75b9fe57c98ea33a0376	https://www.mygeoportal.gov.my/ms/perkongsian-data-mygdi	https://www.mygeoportal.gov.my/ms/perkongsian-data-mygdi	MyGDI data sharing: application procedure (G2G/G2B/G2C/G2E), sample letter	
2026-09-24T06:55:43Z	200	27413	eccdd2045176c45b0fad5a501b072ef3c8a398d18913c4024e95dc288a98b1d9	https://mydims.nadma.gov.my/awam/laporan-bulanan	https://mydims.nadma.gov.my/awam/laporan-bulanan	MyDIMS reports list; no terms found	
2026-09-24T06:55:47Z	200	63204	19433398ab748ef16c9fc2f2218dcf2377ba63fd80154258dc1c65c560acff0b	https://infobencanajkmv2.jkm.gov.my/landing/	https://infobencanajkmv2.jkm.gov.my/landing/	InfoBencana; 'Terma & Syarat' link is '#'	
2026-09-24T06:56:14Z	200	87936	83ffc0896d81cce080397c615f8841bf60832ecb886e06300cf1ad64ade590f2	https://mydims.nadma.gov.my/	https://mydims.nadma.gov.my/login	MyDIMS home; no terms found	
2026-09-24T06:56:18Z	200	81445	25a2f16b7b89f1fb721d7b070e7faa1cab337d02cd3c948108f53863ab13ff16	https://portalbencana.nadma.gov.my/en/	https://portalbencana.nadma.gov.my/en/	NADMA portal; privacy policy link only	
2026-09-24T06:56:32Z	200	41668	cd029dfe52fa8cd287725c088e943042be37541b520ce833fd82066a1248a16c	https://www.mygeoportal.gov.my/ms/notis-hak-cipta	https://www.mygeoportal.gov.my/ms/notis-hak-cipta	website copyright notice (MyGeoportal)	tanpa mendapat kebenaran secara bertulis yang jelas terlebih dahulu
2026-09-24T06:56:36Z	200	46940	ea63176b9437c080e03b17e045072b957a59bc142032636868dbecb4118d3613	https://www.mygeoportal.gov.my/ms/terma-dan-syarat	https://www.mygeoportal.gov.my/ms/terma-dan-syarat	website terms and conditions (MyGeoportal)	
2026-09-24T07:03:07Z	200	48970	6d55b998ed5c54f43426d059a8c549ed58a3321e5463e6a6af1c6b56ab78c333	https://creativecommons.org/licenses/by/4.0/legalcode.en	https://creativecommons.org/licenses/by/4.0/legalcode.en	CC BY 4.0 legal code, Section 3(a) attribution conditions	indicate if You modified the Licensed Material
