jps_internal_id,jps_display_station_id,fg_display_station_id_flag,station_name,state,district,latest_observation_time,fg_freshness_minutes,fg_freshness_status,source_row,source_url,discovered_at
 5402002_,5402002,ok,Kolam Bersih,Pulau Pinang,Timur Laut Pulau Pinang,2026-09-24T01:30:00,15,reporting,48,https://publicinfobanjir.water.gov.my/wp-content/themes/shapely/agency/searchresultrainfall.php?state=PNG&district=ALL&station=ALL&loginStatus=0&language=0,2026-09-24T01:57:44+08:00
19340,5105051,ok,Kolam Takongan di Bkt. Panchor P. Pinang (RHN),Pulau Pinang,Seberang Perai Selatan,2026-09-24T01:45:00,0,reporting,46,https://publicinfobanjir.water.gov.my/wp-content/themes/shapely/agency/searchresultrainfall.php?state=PNG&district=ALL&station=ALL&loginStatus=0&language=0,2026-09-24T01:57:44+08:00
25963,5304047,ok,Kolam Air Chrk. To' Kun di  P.Pinang (RHN),Pulau Pinang,Seberang Perai Tengah,2026-09-24T01:30:00,15,reporting,42,https://publicinfobanjir.water.gov.my/wp-content/themes/shapely/agency/searchresultrainfall.php?state=PNG&district=ALL&station=ALL&loginStatus=0&language=0,2026-09-24T01:57:44+08:00
25965,5204049,ok,Ldg. Batu Kawan di P.Pinang (RHN),Pulau Pinang,Seberang Perai Selatan,2026-09-24T01:45:00,0,reporting,43,https://publicinfobanjir.water.gov.my/wp-content/themes/shapely/agency/searchresultrainfall.php?state=PNG&district=ALL&station=ALL&loginStatus=0&language=0,2026-09-24T01:57:44+08:00
25966,0000291RF,ok,Kg. Seronok (RHN),Pulau Pinang,Barat Daya Pulau Pinang,2026-09-24T01:45:00,0,reporting,56,https://publicinfobanjir.water.gov.my/wp-content/themes/shapely/agency/searchresultrainfall.php?state=PNG&district=ALL&station=ALL&loginStatus=0&language=0,2026-09-24T01:57:44+08:00
26185,No Data,no_data_text,"Lengkok Sg. Emas, Batu Feringghi",Pulau Pinang,Timur Laut Pulau Pinang,2026-09-24T01:15:00,30,reporting,47,https://publicinfobanjir.water.gov.my/wp-content/themes/shapely/agency/searchresultrainfall.php?state=PNG&district=ALL&station=ALL&loginStatus=0&language=0,2026-09-24T01:57:44+08:00
26186,,missing,Permatang Tok Jaya,Pulau Pinang,Seberang Perai Utara,2026-09-24T01:30:00,15,reporting,39,https://publicinfobanjir.water.gov.my/wp-content/themes/shapely/agency/searchresultrainfall.php?state=PNG&district=ALL&station=ALL&loginStatus=0&language=0,2026-09-24T01:57:44+08:00
26189,No Data,no_data_text,Politeknik Balik Pulau,Pulau Pinang,Barat Daya Pulau Pinang,2026-09-24T01:15:00,30,reporting,55,https://publicinfobanjir.water.gov.my/wp-content/themes/shapely/agency/searchresultrainfall.php?state=PNG&district=ALL&station=ALL&loginStatus=0&language=0,2026-09-24T01:57:44+08:00
26337,5402001,ok,Klinik Bkt. Bendera di P. Pinang (RHN),Pulau Pinang,Timur Laut Pulau Pinang,2026-09-24T01:45:00,0,reporting,49,https://publicinfobanjir.water.gov.my/wp-content/themes/shapely/agency/searchresultrainfall.php?state=PNG&district=ALL&station=ALL&loginStatus=0&language=0,2026-09-24T01:57:44+08:00
27587,1910131RF,ok,Lorong Batu Lanchang (F2),Pulau Pinang,Timur Laut Pulau Pinang,2026-09-24T01:45:00,0,reporting,34,https://publicinfobanjir.water.gov.my/wp-content/themes/shapely/agency/searchresultrainfall.php?state=PNG&district=ALL&station=ALL&loginStatus=0&language=0,2026-09-24T01:57:44+08:00
27603,1910111RF,duplicate,Kolam Bersih (F2),Pulau Pinang,Timur Laut Pulau Pinang,2026-09-24T01:45:00,0,reporting,1,https://publicinfobanjir.water.gov.my/wp-content/themes/shapely/agency/searchresultrainfall.php?state=PNG&district=ALL&station=ALL&loginStatus=0&language=0,2026-09-24T01:57:44+08:00
27605,1910121RF,ok,Kolam Takungan Air Itam (F2),Pulau Pinang,Timur Laut Pulau Pinang,2026-09-24T01:45:00,0,reporting,2,https://publicinfobanjir.water.gov.my/wp-content/themes/shapely/agency/searchresultrainfall.php?state=PNG&district=ALL&station=ALL&loginStatus=0&language=0,2026-09-24T01:57:44+08:00
27608,1910111RF,duplicate,Kolam Takungan Sg. Dondang M/S (F2),Pulau Pinang,Timur Laut Pulau Pinang,2026-09-24T01:45:00,0,reporting,3,https://publicinfobanjir.water.gov.my/wp-content/themes/shapely/agency/searchresultrainfall.php?state=PNG&district=ALL&station=ALL&loginStatus=0&language=0,2026-09-24T01:57:44+08:00
27612,1910171RF,ok,Kg. Dua Bukit (F2),Pulau Pinang,Timur Laut Pulau Pinang,2026-09-24T01:45:00,0,reporting,4,https://publicinfobanjir.water.gov.my/wp-content/themes/shapely/agency/searchresultrainfall.php?state=PNG&district=ALL&station=ALL&loginStatus=0&language=0,2026-09-24T01:57:44+08:00
27613,1910181RF,ok,Muara Sg. Pinang S18 (F2),Pulau Pinang,Timur Laut Pulau Pinang,2026-09-24T01:45:00,0,reporting,5,https://publicinfobanjir.water.gov.my/wp-content/themes/shapely/agency/searchresultrainfall.php?state=PNG&district=ALL&station=ALL&loginStatus=0&language=0,2026-09-24T01:57:44+08:00
27615,0060221RF,ok,Kompleks Perai (F2),Pulau Pinang,Seberang Perai Tengah,2026-09-24T01:45:00,0,reporting,6,https://publicinfobanjir.water.gov.my/wp-content/themes/shapely/agency/searchresultrainfall.php?state=PNG&district=ALL&station=ALL&loginStatus=0&language=0,2026-09-24T01:57:44+08:00
27616,0000000RF,duplicate,Pejabat Pertanian Cherok Tok Kun (F2),Pulau Pinang,Seberang Perai Tengah,2026-09-23T18:00:00,465,stale,7,https://publicinfobanjir.water.gov.my/wp-content/themes/shapely/agency/searchresultrainfall.php?state=PNG&district=ALL&station=ALL&loginStatus=0&language=0,2026-09-24T01:57:44+08:00
27617,0070061RF,ok,Pusat Kesihatan Bukit Berapit (F2),Pulau Pinang,Seberang Perai Tengah,2026-09-24T01:45:00,0,reporting,8,https://publicinfobanjir.water.gov.my/wp-content/themes/shapely/agency/searchresultrainfall.php?state=PNG&district=ALL&station=ALL&loginStatus=0&language=0,2026-09-24T01:57:44+08:00
27618,0070051RF,ok,Permatang Rawa (F2),Pulau Pinang,Seberang Perai Tengah,2026-09-24T01:45:00,0,reporting,9,https://publicinfobanjir.water.gov.my/wp-content/themes/shapely/agency/searchresultrainfall.php?state=PNG&district=ALL&station=ALL&loginStatus=0&language=0,2026-09-24T01:57:44+08:00
27619,0060241RF,ok,Rumah Pam Kubang Semang (F2),Pulau Pinang,Seberang Perai Tengah,2026-09-24T01:45:00,0,reporting,10,https://publicinfobanjir.water.gov.my/wp-content/themes/shapely/agency/searchresultrainfall.php?state=PNG&district=ALL&station=ALL&loginStatus=0&language=0,2026-09-24T01:57:44+08:00
27620,0070071RF,ok,JPS SPT (F2),Pulau Pinang,Seberang Perai Tengah,2026-09-24T01:45:00,0,reporting,11,https://publicinfobanjir.water.gov.my/wp-content/themes/shapely/agency/searchresultrainfall.php?state=PNG&district=ALL&station=ALL&loginStatus=0&language=0,2026-09-24T01:57:44+08:00
27624,0080071RF,ok,Simpang Ampat (F2),Pulau Pinang,Seberang Perai Tengah,2026-09-24T01:45:00,0,reporting,12,https://publicinfobanjir.water.gov.my/wp-content/themes/shapely/agency/searchresultrainfall.php?state=PNG&district=ALL&station=ALL&loginStatus=0&language=0,2026-09-24T01:57:44+08:00
27627,0060201RF,ok,Sek. Keb. Bakap Indah (F2),Pulau Pinang,Seberang Perai Selatan,2026-09-24T01:45:00,0,reporting,13,https://publicinfobanjir.water.gov.my/wp-content/themes/shapely/agency/searchresultrainfall.php?state=PNG&district=ALL&station=ALL&loginStatus=0&language=0,2026-09-24T01:57:44+08:00
27628,0080081RF,ok,Kg. Sethu (F2),Pulau Pinang,Seberang Perai Selatan,2026-09-24T01:45:00,0,reporting,14,https://publicinfobanjir.water.gov.my/wp-content/themes/shapely/agency/searchresultrainfall.php?state=PNG&district=ALL&station=ALL&loginStatus=0&language=0,2026-09-24T01:57:44+08:00
27629,0060211RF,ok,Kuarters Penjara Sg. Duri (F2),Pulau Pinang,Seberang Perai Selatan,2026-09-24T01:45:00,0,reporting,15,https://publicinfobanjir.water.gov.my/wp-content/themes/shapely/agency/searchresultrainfall.php?state=PNG&district=ALL&station=ALL&loginStatus=0&language=0,2026-09-24T01:57:44+08:00
27641,0050591RF,ok,Lahar Ikan Mati (F2),Pulau Pinang,Seberang Perai Utara,2026-09-24T01:45:00,0,reporting,16,https://publicinfobanjir.water.gov.my/wp-content/themes/shapely/agency/searchresultrainfall.php?state=PNG&district=ALL&station=ALL&loginStatus=0&language=0,2026-09-24T01:57:44+08:00
27643,0050521RF,ok,Bakar Kapor (F2),Pulau Pinang,Seberang Perai Utara,2026-09-23T22:00:00,225,stale,17,https://publicinfobanjir.water.gov.my/wp-content/themes/shapely/agency/searchresultrainfall.php?state=PNG&district=ALL&station=ALL&loginStatus=0&language=0,2026-09-24T01:57:44+08:00
27644,0050441RF,ok,Rumah Pam Pinang Tunggal (F2),Pulau Pinang,Seberang Perai Utara,2026-09-24T01:45:00,0,reporting,18,https://publicinfobanjir.water.gov.my/wp-content/themes/shapely/agency/searchresultrainfall.php?state=PNG&district=ALL&station=ALL&loginStatus=0&language=0,2026-09-24T01:57:44+08:00
27645,0050631RF,ok,Rumah Pam Bumbung Lima (F2),Pulau Pinang,Seberang Perai Utara,2026-09-24T01:45:00,0,reporting,19,https://publicinfobanjir.water.gov.my/wp-content/themes/shapely/agency/searchresultrainfall.php?state=PNG&district=ALL&station=ALL&loginStatus=0&language=0,2026-09-24T01:57:44+08:00
27646,0050611RF,ok,Permatang Binjai (F2),Pulau Pinang,Seberang Perai Utara,2026-09-24T01:45:00,0,reporting,20,https://publicinfobanjir.water.gov.my/wp-content/themes/shapely/agency/searchresultrainfall.php?state=PNG&district=ALL&station=ALL&loginStatus=0&language=0,2026-09-24T01:57:44+08:00
27647,0060151RF,ok,Ara Kuda (F2),Pulau Pinang,Seberang Perai Utara,2026-09-24T01:45:00,0,reporting,21,https://publicinfobanjir.water.gov.my/wp-content/themes/shapely/agency/searchresultrainfall.php?state=PNG&district=ALL&station=ALL&loginStatus=0&language=0,2026-09-24T01:57:44+08:00
27648,0050351RF,ok,Permatang Pak Elong (F2),Pulau Pinang,Seberang Perai Utara,2026-09-23T18:30:00,435,stale,22,https://publicinfobanjir.water.gov.my/wp-content/themes/shapely/agency/searchresultrainfall.php?state=PNG&district=ALL&station=ALL&loginStatus=0&language=0,2026-09-24T01:57:44+08:00
27649,0050601RF,ok,Pajak Song (F2),Pulau Pinang,Seberang Perai Utara,2026-09-24T01:45:00,0,reporting,23,https://publicinfobanjir.water.gov.my/wp-content/themes/shapely/agency/searchresultrainfall.php?state=PNG&district=ALL&station=ALL&loginStatus=0&language=0,2026-09-24T01:57:44+08:00
27659,0050581RF,ok,Guar Kepayang (F2),Pulau Pinang,Seberang Perai Utara,2026-09-24T01:45:00,0,reporting,24,https://publicinfobanjir.water.gov.my/wp-content/themes/shapely/agency/searchresultrainfall.php?state=PNG&district=ALL&station=ALL&loginStatus=0&language=0,2026-09-24T01:57:44+08:00
27660,0060361RF,ok,Permatang Tok Jaya (F2),Pulau Pinang,Seberang Perai Utara,2026-09-24T01:45:00,0,reporting,25,https://publicinfobanjir.water.gov.my/wp-content/themes/shapely/agency/searchresultrainfall.php?state=PNG&district=ALL&station=ALL&loginStatus=0&language=0,2026-09-24T01:57:44+08:00
27661,0050391RF,ok,Bumbung Lima (F2),Pulau Pinang,Seberang Perai Utara,2026-09-24T01:45:00,0,reporting,26,https://publicinfobanjir.water.gov.my/wp-content/themes/shapely/agency/searchresultrainfall.php?state=PNG&district=ALL&station=ALL&loginStatus=0&language=0,2026-09-24T01:57:44+08:00
27663,0060371RF,ok,Desa Murni Sg.Dua (F2),Pulau Pinang,Seberang Perai Utara,2026-09-24T01:45:00,0,reporting,27,https://publicinfobanjir.water.gov.my/wp-content/themes/shapely/agency/searchresultrainfall.php?state=PNG&district=ALL&station=ALL&loginStatus=0&language=0,2026-09-24T01:57:44+08:00
27664,0060141RF,ok,Kacang Puri (F2),Pulau Pinang,Seberang Perai Utara,2026-09-24T01:45:00,0,reporting,28,https://publicinfobanjir.water.gov.my/wp-content/themes/shapely/agency/searchresultrainfall.php?state=PNG&district=ALL&station=ALL&loginStatus=0&language=0,2026-09-24T01:57:44+08:00
27666,0000000RF,duplicate,Pejabat JPS SPU (F2),Pulau Pinang,Seberang Perai Utara,2026-09-24T01:45:00,0,reporting,29,https://publicinfobanjir.water.gov.my/wp-content/themes/shapely/agency/searchresultrainfall.php?state=PNG&district=ALL&station=ALL&loginStatus=0&language=0,2026-09-24T01:57:44+08:00
27672,1910161RF,ok,Tali Air Besar Sg. Pinang (F2),Pulau Pinang,Barat Daya Pulau Pinang,2026-09-23T15:15:00,630,stale,30,https://publicinfobanjir.water.gov.my/wp-content/themes/shapely/agency/searchresultrainfall.php?state=PNG&district=ALL&station=ALL&loginStatus=0&language=0,2026-09-24T01:57:44+08:00
27673,1910141RF,ok,Pintu Air Bagan Air Itam (F2),Pulau Pinang,Barat Daya Pulau Pinang,2026-09-24T01:45:00,0,reporting,31,https://publicinfobanjir.water.gov.my/wp-content/themes/shapely/agency/searchresultrainfall.php?state=PNG&district=ALL&station=ALL&loginStatus=0&language=0,2026-09-24T01:57:44+08:00
27674,1910271RF,ok,Bayan Lepas (F2),Pulau Pinang,Barat Daya Pulau Pinang,2026-09-24T01:45:00,0,reporting,32,https://publicinfobanjir.water.gov.my/wp-content/themes/shapely/agency/searchresultrainfall.php?state=PNG&district=ALL&station=ALL&loginStatus=0&language=0,2026-09-24T01:57:44+08:00
27675,1910151RF,ok,Empangan Teluk Bahang (F2),Pulau Pinang,Barat Daya Pulau Pinang,2026-09-24T01:45:00,0,reporting,33,https://publicinfobanjir.water.gov.my/wp-content/themes/shapely/agency/searchresultrainfall.php?state=PNG&district=ALL&station=ALL&loginStatus=0&language=0,2026-09-24T01:57:44+08:00
27692,0090601RF,ok,Kg. Kebun Baru (F2),Pulau Pinang,Seberang Perai Selatan,2026-09-24T01:45:00,0,reporting,35,https://publicinfobanjir.water.gov.my/wp-content/themes/shapely/agency/searchresultrainfall.php?state=PNG&district=ALL&station=ALL&loginStatus=0&language=0,2026-09-24T01:57:44+08:00
5205052_,5205052,ok,Bagan Buaya,Pulau Pinang,Seberang Perai Selatan,2026-09-24T01:00:00,45,reporting,44,https://publicinfobanjir.water.gov.my/wp-content/themes/shapely/agency/searchresultrainfall.php?state=PNG&district=ALL&station=ALL&loginStatus=0&language=0,2026-09-24T01:57:44+08:00
5302001_,5302001,ok,Tali Air Besar Sg. Pinang,Pulau Pinang,Barat Daya Pulau Pinang,2026-09-24T01:30:00,15,reporting,54,https://publicinfobanjir.water.gov.my/wp-content/themes/shapely/agency/searchresultrainfall.php?state=PNG&district=ALL&station=ALL&loginStatus=0&language=0,2026-09-24T01:57:44+08:00
5302003_,5302003,ok,Kolam Air Itam,Pulau Pinang,Timur Laut Pulau Pinang,2026-09-24T01:30:00,15,reporting,50,https://publicinfobanjir.water.gov.my/wp-content/themes/shapely/agency/searchresultrainfall.php?state=PNG&district=ALL&station=ALL&loginStatus=0&language=0,2026-09-24T01:57:44+08:00
5402003_,5402003,ok,Empangan Teluk Bahang,Pulau Pinang,Barat Daya Pulau Pinang,2026-09-24T01:30:00,15,reporting,53,https://publicinfobanjir.water.gov.my/wp-content/themes/shapely/agency/searchresultrainfall.php?state=PNG&district=ALL&station=ALL&loginStatus=0&language=0,2026-09-24T01:57:44+08:00
5403043_,5403043,ok,Jalan P. Ramlee,Pulau Pinang,Timur Laut Pulau Pinang,2026-09-24T01:10:00,35,reporting,51,https://publicinfobanjir.water.gov.my/wp-content/themes/shapely/agency/searchresultrainfall.php?state=PNG&district=ALL&station=ALL&loginStatus=0&language=0,2026-09-24T01:57:44+08:00
5404045_,5404045,ok,Pajak Song,Pulau Pinang,Seberang Perai Utara,2026-09-24T01:15:00,30,reporting,38,https://publicinfobanjir.water.gov.my/wp-content/themes/shapely/agency/searchresultrainfall.php?state=PNG&district=ALL&station=ALL&loginStatus=0&language=0,2026-09-24T01:57:44+08:00
5504032_,5504032,ok,Rumah Pam Bumbung Lima,Pulau Pinang,Seberang Perai Utara,2026-09-24T01:30:00,15,reporting,37,https://publicinfobanjir.water.gov.my/wp-content/themes/shapely/agency/searchresultrainfall.php?state=PNG&district=ALL&station=ALL&loginStatus=0&language=0,2026-09-24T01:57:44+08:00
BUMBUNGLIMA,5504036,ok,Sg.Muda di Bumbung Lima,Pulau Pinang,Seberang Perai Utara,2026-09-24T01:00:00,45,reporting,36,https://publicinfobanjir.water.gov.my/wp-content/themes/shapely/agency/searchresultrainfall.php?state=PNG&district=ALL&station=ALL&loginStatus=0&language=0,2026-09-24T01:57:44+08:00
IBUBEKALANSGKULIM,5404043,ok,Ibu Bekalan Sg. Kulim di P. Pinang (RHN),Pulau Pinang,Seberang Perai Tengah,2026-09-24T01:45:00,0,reporting,41,https://publicinfobanjir.water.gov.my/wp-content/themes/shapely/agency/searchresultrainfall.php?state=PNG&district=ALL&station=ALL&loginStatus=0&language=0,2026-09-24T01:57:44+08:00
JELUTUNG,5302405,ok,Jalan Gangsa,Pulau Pinang,Timur Laut Pulau Pinang,2026-09-24T01:30:00,15,reporting,52,https://publicinfobanjir.water.gov.my/wp-content/themes/shapely/agency/searchresultrainfall.php?state=PNG&district=ALL&station=ALL&loginStatus=0&language=0,2026-09-24T01:57:44+08:00
LIMBUNGAN,5403444,ok,Rumah Pam Taman Limbungan,Pulau Pinang,Seberang Perai Utara,2026-09-24T01:15:00,30,reporting,40,https://publicinfobanjir.water.gov.my/wp-content/themes/shapely/agency/searchresultrainfall.php?state=PNG&district=ALL&station=ALL&loginStatus=0&language=0,2026-09-24T01:57:44+08:00
SGDURI,5105053,ok,Sungai Duri Kerian,Pulau Pinang,Seberang Perai Selatan,2026-09-24T01:30:00,15,reporting,45,https://publicinfobanjir.water.gov.my/wp-content/themes/shapely/agency/searchresultrainfall.php?state=PNG&district=ALL&station=ALL&loginStatus=0&language=0,2026-09-24T01:57:44+08:00
